Team,S,MP,MS,Kills,Errors,Total Attacks,Hit Pct,Assists,Aces,SErr,Digs,RErr,Block Solos,Block Assists,BErr,PTS,BHE,Trpl Dbl,Attend,MP.1
A&M-Corpus Christi,113.25,27.0,,1481.0,575.25,4078.25,0.22149999999999995,1383.75,143.0,220.75,1792.75,152.75,40.25,266.25,33.5,1783.875,35.0,27.0,,
Abilene Christian,109.33333333333333,23.0,,1290.3333333333333,579.0,3911.3333333333335,0.18266666666666667,1195.6666666666667,122.66666666666667,176.33333333333334,1627.3333333333333,152.0,31.333333333333332,438.0,38.0,1614.1666666666667,20.666666666666668,23.0,,
Air Force,120.75,26.0,,1476.25,754.0,4098.5,0.17525000000000002,1394.5,166.25,285.25,1608.75,149.25,47.0,372.25,58.25,1840.375,48.0,26.0,,
Akron,103.5,22.0,,1291.5,577.0,3677.5,0.194,1192.0,147.5,221.75,1493.5,141.0,41.5,267.0,32.25,1575.75,26.0,22.0,,
Alabama A&M,120.5,28.0,,1332.75,608.75,3737.0,0.19274999999999998,1219.75,160.5,153.5,1599.0,216.75,82.5,293.5,63.0,1689.75,42.0,28.0,,
Alabama St,134.0,28.0,,1602.0,732.5,4262.0,0.20425000000000001,1461.25,195.75,217.0,1773.0,209.25,77.25,350.5,38.75,2016.375,53.5,28.0,,
Alabama,116.75,19.0,,1463.25,614.25,4085.5,0.20774999999999993,1356.75,139.5,212.0,1725.5,125.5,82.75,351.5,56.25,1815.25,38.0,19.0,,
Albany,97.5,12.0,,1153.75,511.5,3424.25,0.18774999999999992,1065.5,120.25,149.5,1508.25,128.0,48.5,344.75,50.25,1441.375,21.0,12.0,,
Alcorn,109.5,22.0,,961.25,699.25,3404.75,0.07625000000000001,873.75,169.25,241.0,1304.0,225.5,33.5,163.5,27.5,1245.75,91.5,22.0,,
American,120.25,22.0,,1575.5,515.25,4022.25,0.2635,1446.25,187.75,257.0,1733.0,137.25,60.75,427.0,52.5,2016.875,28.0,22.0,,
Appalachian St,120.0,18.0,,1523.75,689.0,4363.5,0.19174999999999998,1418.25,138.5,219.75,1798.25,135.25,66.25,265.75,49.0,1861.375,25.0,18.0,,
Arizona St,118.5,17.0,,1498.5,647.75,4217.0,0.20149999999999996,1414.25,115.75,241.5,1827.75,127.25,86.5,296.75,41.5,1849.125,26.25,17.0,,
Arizona,121.0,21.0,,1612.0,643.75,4275.0,0.22574999999999995,1485.0,125.25,249.75,1807.0,134.0,74.5,362.0,47.0,1992.75,17.0,21.0,,
Arkansas St,119.75,23.0,,1610.0,662.75,4352.5,0.21749999999999997,1490.25,154.75,217.0,1844.75,103.0,90.25,297.75,38.5,1973.875,40.5,23.0,,
Arkansas,110.5,3.0,,1405.75,610.5,3848.0,0.20625,1329.5,131.25,243.0,1537.25,137.5,34.0,374.75,37.5,1758.375,32.0,3.0,,
Ark,106.0,28.0,,1071.5,600.0,3573.25,0.1285,975.25,151.5,192.75,1415.25,186.25,64.5,222.25,44.75,1391.375,34.5,28.0,,
Army West Point,113.25,24.0,,1533.25,609.25,4100.25,0.22649999999999998,1421.75,147.5,227.75,1803.0,136.0,60.75,341.5,49.0,1866.0,23.0,24.0,,
Auburn,108.25,15.0,,1385.75,606.75,3931.25,0.19774999999999998,1291.75,133.75,267.5,1597.25,108.75,50.75,281.0,49.25,1682.75,40.75,15.0,,
Austin Peay,124.5,13.0,,1670.5,668.25,4548.75,0.21974999999999997,1561.0,169.25,186.0,2052.5,137.25,80.75,296.5,54.75,2044.5,31.0,13.0,,
Ball St,122.5,27.0,,1594.0,630.5,4515.5,0.21349999999999997,1477.75,150.5,184.0,2022.25,139.75,79.75,342.25,60.0,1987.125,31.25,27.0,,
Baylor,116.0,5.0,,1618.5,603.25,4087.0,0.2515,1517.75,128.5,220.5,1772.0,110.5,36.25,470.25,56.5,1992.875,40.0,5.0,,
Belmont,108.5,22.0,,1276.5,644.25,3791.25,0.16649999999999998,1189.25,147.0,292.75,1499.25,137.75,23.25,326.5,50.5,1568.25,44.5,22.0,,
Bethune-Cookman,110.5,10.0,,1250.5,583.5,3825.25,0.17525,1172.75,109.25,150.25,1763.0,159.25,63.75,337.0,50.75,1572.25,49.5,10.0,,
Binghamton,91.25,14.0,,1051.5,513.5,3168.25,0.16499999999999998,964.75,122.75,197.0,1285.75,145.25,35.25,247.5,24.25,1324.5,39.0,14.0,,
Boise St,111.75,22.0,,1495.25,589.75,3982.25,0.22675,1399.25,151.0,208.5,1637.5,127.25,42.75,490.0,65.25,1915.0,27.5,22.0,,
Boston College,117.0,8.0,,1449.25,656.0,4055.0,0.19475,1362.5,140.25,183.0,1637.75,122.25,48.25,343.25,51.5,1777.625,40.75,8.0,,
Bowling Green,116.5,27.0,,1493.5,565.5,4526.5,0.20625,1389.75,156.25,223.75,2145.0,128.25,56.25,365.0,34.5,1845.0,32.5,27.0,,
Bradley,116.75,8.0,,1504.5,628.25,4588.0,0.18924999999999997,1415.5,127.75,180.5,2133.0,120.5,34.75,354.25,44.0,1815.625,42.5,8.0,,
Brown,93.0,5.0,,1114.75,482.25,3315.0,0.19149999999999998,1034.5,120.5,171.0,1375.25,132.75,35.25,308.0,37.25,1424.5,56.5,5.0,,
Bryant,124.75,10.0,,1643.25,777.5,4612.5,0.18749999999999994,1526.75,167.75,193.0,1957.75,137.5,32.25,368.5,47.0,1996.75,58.0,10.0,,
Bucknell,102.75,21.0,,1196.25,559.0,3593.25,0.1775,1112.25,128.25,177.0,1572.75,132.25,49.75,331.25,44.5,1539.875,38.0,21.0,,
Buffalo,112.0,27.0,,1394.25,601.0,3734.5,0.21149999999999997,1307.5,132.0,208.5,1554.0,164.75,69.5,312.25,61.0,1705.375,29.75,27.0,,
Butler,117.5,18.0,,1502.5,598.25,4212.75,0.21225,1388.0,136.75,240.75,1774.75,141.0,45.5,504.5,53.75,1915.25,31.75,18.0,,
BYU,113.5,24.0,,1559.5,492.5,3760.5,0.284,1447.0,155.75,180.5,1516.75,101.0,39.0,546.75,55.5,2027.625,17.25,24.0,,
Cal Poly,101.5,8.0,,1403.0,477.75,3480.25,0.26675,1315.5,150.5,182.25,1477.0,99.0,49.5,323.25,33.75,1764.625,18.5,8.0,,
Cal St,102.5,24.0,,1138.25,579.75,3649.25,0.15275,1063.75,107.25,142.5,1596.75,155.75,42.0,273.0,54.0,1391.75,41.5,24.0,,
California,111.5,26.0,,1455.5,578.0,3823.25,0.22999999999999993,1368.0,119.75,199.75,1601.5,133.5,60.75,304.0,51.75,1769.5,58.75,26.0,,
Campbell,109.0,8.0,,1354.0,632.25,3865.75,0.1855,1245.75,162.5,202.25,1724.25,160.0,39.0,295.0,43.25,1703.0,27.5,8.0,,
Canisius,106.25,15.0,,1287.75,560.25,3779.5,0.19125,1173.0,148.25,209.25,1651.75,169.0,29.25,331.0,40.5,1630.75,24.5,15.0,,
Central Ark,118.75,23.0,,1575.75,651.25,4095.75,0.22574999999999995,1465.5,163.0,218.25,1719.5,134.0,54.75,387.0,49.75,1987.0,18.75,23.0,,
Central Conn,107.5,17.0,,1311.0,538.25,3897.0,0.19774999999999998,1231.5,137.75,159.0,1721.75,122.25,52.25,428.0,45.25,1715.0,41.25,17.0,,
Central Mich,108.75,26.0,,1384.5,624.0,3953.0,0.1925,1302.25,129.0,204.5,1688.0,133.75,56.5,277.25,48.75,1663.125,21.5,26.0,,
Charleston So,110.75,21.0,,1252.25,589.0,4010.0,0.16625,1157.5,140.25,198.0,1771.0,143.5,54.0,354.5,37.75,1599.25,47.0,21.0,,
Charlotte,115.75,10.0,,1373.0,501.25,4174.75,0.20849999999999996,1283.0,132.25,185.5,1895.5,132.25,77.75,469.5,85.0,1807.0,49.75,10.0,,
Chattanooga,114.75,24.0,,1362.25,623.25,4078.5,0.181,1274.75,158.25,234.25,1790.5,151.5,48.0,294.25,40.25,1703.875,51.0,24.0,,
Chicago St,114.0,28.0,,1332.5,750.75,4198.0,0.13699999999999996,1253.5,132.0,159.5,1715.25,137.0,40.0,302.25,54.5,1625.125,30.25,28.0,,
Cincinnati,123.5,20.0,,1703.0,634.25,4350.75,0.24574999999999997,1595.75,161.25,257.0,1830.75,106.75,50.25,381.0,43.75,2105.0,44.0,20.0,,
Clemson,115.75,6.0,,1381.25,667.5,3794.0,0.18624999999999994,1290.5,135.25,215.0,1424.5,146.0,51.25,354.75,51.75,1745.125,39.25,6.0,,
Cleveland St,114.25,4.0,,1498.5,585.5,4156.0,0.22,1411.75,119.25,187.25,1879.5,119.5,54.5,441.5,62.25,1893.0,19.25,4.0,,
Coastal Carolina,114.0,25.0,,1531.0,496.0,3725.5,0.278,1428.0,200.0,271.5,1538.5,111.5,97.5,319.0,44.0,1909.0,28.5,25.0,,
Coastal Caro,99.5,,,1280.5,508.0,3493.5,0.22,1204.0,118.0,221.5,1525.0,107.0,90.0,270.0,35.5,1623.5,21.0,,,
Colgate,109.0,9.0,,1426.75,539.5,3903.0,0.22724999999999998,1315.5,147.25,187.0,1708.5,126.0,69.25,327.75,49.75,1745.375,31.5,9.0,,
Colorado St,112.25,22.0,,1532.0,511.0,3574.0,0.2855,1437.5,167.0,275.25,1426.25,123.0,66.75,531.5,50.5,2031.5,17.75,22.0,,
Colorado,120.0,26.0,,1561.0,595.75,4155.25,0.23124999999999998,1452.0,116.0,191.0,1700.5,134.0,48.5,487.5,62.5,1928.5,18.0,26.0,,
Columbia,89.0,3.0,,1119.75,468.0,3077.75,0.21175,1043.25,125.0,198.0,1311.75,112.75,44.25,281.5,43.75,1429.75,39.5,3.0,,
Col,116.5,7.0,,1573.25,647.0,4287.75,0.21299999999999997,1479.25,123.25,131.0,1906.75,130.5,59.0,357.25,64.5,1934.125,32.25,7.0,,
Coppin St,106.25,2.0,,1101.75,619.75,3399.5,0.139,1017.5,140.5,251.25,1359.75,178.5,39.5,227.0,51.5,1384.0,42.5,2.0,,
Cornell,91.25,18.0,,1209.25,488.75,3363.25,0.21599999999999997,1135.75,123.75,201.75,1450.25,124.75,34.0,315.75,30.75,1524.875,34.0,18.0,,
Creighton,117.75,7.0,,1685.25,561.75,4228.25,0.26525,1561.75,178.75,251.25,1884.25,109.75,48.25,417.75,67.5,2121.125,30.0,7.0,,
CSU Bakersfield,116.75,22.0,,1445.0,698.25,4221.25,0.17649999999999996,1351.25,167.5,216.0,1770.0,153.25,32.5,394.5,46.0,1842.25,30.0,22.0,,
CSUN,107.75,17.0,,1331.0,576.25,3654.5,0.20675,1237.75,136.5,202.5,1472.5,164.0,59.75,285.75,41.75,1670.125,34.5,17.0,,
Dartmouth,88.25,14.0,,1007.5,466.75,3149.25,0.17174999999999996,921.75,103.5,157.25,1339.5,113.5,45.75,315.5,26.75,1314.5,34.5,14.0,,
Davidson,103.25,5.0,,1183.25,514.75,3561.75,0.1885,1109.0,129.0,162.75,1495.0,164.0,56.75,321.75,42.5,1529.875,39.25,5.0,,
Dayton,113.25,17.0,,1562.0,536.0,3885.25,0.26375,1441.75,166.5,238.0,1608.0,112.0,34.5,472.25,63.0,1958.625,42.0,17.0,,
Delaware St,99.5,5.0,,939.0,602.0,3036.5,0.10575,865.0,139.0,207.0,1155.25,201.25,33.0,201.75,53.5,1169.75,37.25,5.0,,
Delaware,107.5,13.0,,1303.5,594.75,3867.25,0.1825,1218.5,134.75,201.5,1617.0,150.0,33.5,338.75,35.25,1624.375,52.25,13.0,,
Denver,111.25,26.0,,1497.75,540.25,3806.75,0.25149999999999995,1400.0,185.0,236.5,1607.75,103.5,35.0,440.75,49.5,1912.125,36.75,26.0,,
DePaul,111.5,17.0,,1405.75,637.5,3894.25,0.19599999999999995,1315.25,132.5,180.5,1556.75,183.5,53.0,273.75,34.0,1728.125,31.25,17.0,,
Drake,123.0,7.0,,1562.25,646.75,4816.25,0.19,1469.75,135.5,187.25,2184.25,147.25,33.0,427.75,32.25,1944.625,26.25,7.0,,
Duke,114.75,22.0,,1536.25,606.5,4220.25,0.22024999999999997,1439.5,111.5,203.5,1774.75,106.75,36.5,478.75,38.0,1908.125,44.5,22.0,,
Duquesne,104.75,9.0,,1268.75,570.25,3694.0,0.18874999999999997,1204.5,130.0,163.75,1654.0,166.0,38.5,283.5,42.5,1540.25,22.5,9.0,,
East Carolina,112.25,12.0,,1430.25,581.25,3979.25,0.21225,1330.75,121.0,175.0,1765.0,136.25,56.5,352.0,53.25,1748.75,36.75,12.0,,
Eastern Ill,112.0,7.0,,1268.5,579.75,4110.25,0.166,1181.25,131.0,185.0,1778.75,163.5,37.0,397.0,47.75,1635.0,50.5,7.0,,
Eastern Ky,112.0,9.0,,1346.0,694.25,4090.75,0.15825,1235.0,111.75,181.0,1708.5,123.25,55.0,291.0,46.0,1658.25,48.0,9.0,,
Eastern Mich,118.5,23.0,,1555.25,659.5,4400.75,0.20249999999999996,1459.25,136.0,206.25,1992.75,159.0,50.75,384.5,30.25,1906.5,32.5,23.0,,
Eastern Wash,102.75,22.0,,1198.25,628.5,3774.0,0.1515,1117.25,120.25,203.5,1625.75,155.0,40.75,260.5,40.75,1459.625,31.0,22.0,,
Elon,120.75,12.0,,1516.5,710.75,4428.5,0.181,1418.0,146.25,181.25,1862.0,148.0,42.75,381.0,51.5,1896.0,51.25,12.0,,
ETSU,117.0,24.0,,1581.5,579.25,4202.25,0.23825,1474.25,156.75,249.25,1778.5,113.5,56.0,419.25,86.25,1953.875,27.0,24.0,,
Evansville,116.25,8.0,,1359.25,682.5,4212.5,0.15949999999999998,1269.0,131.25,194.25,1805.25,137.75,33.25,338.25,50.25,1692.875,32.5,8.0,,
Fairfield,111.5,9.0,,1498.75,660.0,4029.25,0.20749999999999996,1422.5,151.0,178.75,1810.5,128.5,46.5,342.0,60.75,1837.75,44.5,9.0,,
Fairleigh Dickinson,103.25,9.0,,997.75,556.5,3634.0,0.121,928.25,101.5,114.0,1613.75,190.0,43.5,300.5,45.25,1257.75,34.0,9.0,,
FGCU,113.75,28.0,,1549.5,508.75,3978.25,0.2615,1458.5,153.0,221.0,1747.5,106.5,63.0,431.75,30.75,1962.375,19.5,28.0,,
FIU,100.5,18.0,,1225.75,559.25,3466.75,0.192,1138.75,120.25,164.5,1415.5,131.75,49.25,326.25,43.5,1523.125,39.0,18.0,,
Fla,102.5,6.0,,1475.5,567.75,3619.25,0.2515,1397.5,148.5,207.25,1526.25,116.25,57.5,285.25,39.0,1824.125,20.0,6.0,,
Florida A&M,101.75,9.0,,1168.0,540.0,3452.5,0.1825,1078.5,155.0,173.75,1453.0,128.0,52.25,260.25,49.5,1470.375,59.0,8.0,,
Florida St,112.25,6.0,,1468.0,510.0,3849.75,0.24874999999999997,1378.25,108.0,138.75,1715.75,125.25,56.0,520.0,56.0,1892.0,38.5,6.0,,
Florida,115.25,5.0,,1560.0,479.75,3753.75,0.2895,1458.25,157.25,241.75,1646.75,98.25,58.5,509.0,59.75,1997.25,33.25,5.0,,
Fordham,105.75,9.0,,1245.5,573.75,3678.5,0.18274999999999997,1158.75,152.0,204.75,1610.25,156.0,26.5,322.5,51.5,1553.0,51.0,9.0,,
Fresno St,113.75,9.0,,1408.75,644.0,3816.5,0.19874999999999998,1326.5,171.0,223.0,1548.5,148.5,61.75,411.75,49.25,1847.375,18.0,9.0,,
Furman,112.0,13.0,,1432.25,613.25,4116.25,0.199,1334.75,125.25,165.0,1874.0,151.25,69.75,275.0,58.75,1726.0,43.25,13.0,,
Gardner-Webb,105.5,19.0,,1122.5,644.5,3666.0,0.12824999999999998,1050.75,128.5,171.5,1509.0,169.0,59.25,332.0,47.5,1476.25,53.0,19.0,,
Ga,113.0,23.0,,1282.75,615.0,3778.5,0.177,1198.25,138.0,207.0,1609.5,171.25,55.5,349.25,41.0,1650.875,47.0,23.0,,
George Mason,97.75,19.0,,1114.75,586.0,3392.5,0.15575,1043.75,113.0,156.5,1419.5,148.25,32.75,301.75,58.5,1397.25,48.75,19.0,,
George Washington,107.75,19.0,,1269.25,624.0,3679.5,0.17599999999999996,1163.75,138.5,199.25,1525.25,170.75,41.0,385.75,58.0,1614.25,34.5,19.0,,
Georgetown,116.75,6.0,,1424.5,654.5,3983.5,0.19374999999999998,1331.5,161.75,292.5,1579.0,159.5,41.0,291.5,37.5,1773.0,38.25,6.0,,
Georgia St,104.75,12.0,,1211.75,624.25,3726.5,0.15725,1130.75,138.25,215.75,1569.5,153.75,50.25,309.0,49.75,1521.25,44.5,12.0,,
Georgia Tech,120.75,22.0,,1615.25,613.5,4191.75,0.23924999999999996,1515.0,140.25,175.0,1777.5,152.25,62.0,356.25,51.5,1995.625,30.0,22.0,,
Georgia,113.75,18.0,,1516.25,626.0,3921.0,0.22699999999999995,1423.75,166.75,266.5,1582.0,139.25,27.0,357.25,49.5,1888.625,21.0,18.0,,
Gonzaga,110.25,25.0,,1330.75,584.0,3843.0,0.19424999999999995,1248.5,131.75,188.5,1572.25,143.0,53.5,360.0,42.0,1682.75,33.75,25.0,,
Grambling,119.0,26.0,,1180.5,711.25,3885.0,0.11974999999999997,1083.0,136.0,157.75,1587.75,194.25,57.5,349.25,38.25,1542.375,62.75,25.0,,
Grand Canyon,107.66666666666667,30.0,,1320.3333333333333,546.0,3840.3333333333335,0.20033333333333334,1240.3333333333333,143.0,191.0,1712.3333333333333,123.0,55.666666666666664,345.6666666666667,53.0,1620.5,37.0,30.0,,
Green Bay,115.5,3.0,,1555.5,628.5,4327.25,0.21475,1465.5,121.75,201.25,1912.0,124.25,32.0,434.75,43.75,1926.625,8.75,3.0,,
Hampton,95.75,10.0,,1085.25,580.75,3042.5,0.16575,1004.0,129.75,215.0,1161.0,187.25,36.75,271.75,46.0,1387.625,47.25,10.0,,
Hartford,96.75,25.0,,1128.25,511.25,3156.0,0.195,1043.75,135.0,212.75,1261.0,155.25,48.5,288.25,45.5,1427.125,25.75,25.0,,
Harvard,89.25,3.0,,1078.0,468.5,3011.75,0.20274999999999999,1008.5,114.5,160.5,1235.0,141.5,44.5,289.75,35.0,1381.875,27.75,3.0,,
Hawaii,105.75,24.0,,1443.0,509.75,3783.75,0.247,1343.25,148.5,228.5,1619.5,91.0,50.0,412.0,49.5,1829.25,15.25,24.0,,
High Point,116.0,20.0,,1526.25,621.25,4080.25,0.22274999999999998,1429.75,188.25,241.0,1782.5,139.75,54.5,374.25,49.25,1924.125,39.0,20.0,,
Hofstra,119.5,20.0,,1605.0,626.5,4199.75,0.23249999999999998,1499.0,187.0,273.25,1711.0,138.75,35.25,422.0,46.5,2019.75,41.0,20.0,,
Holy Cross,105.0,20.0,,1174.5,603.25,3800.0,0.15075000000000002,1089.0,146.0,220.5,1645.0,159.75,45.5,236.75,30.25,1484.375,36.5,20.0,,
Houston Baptist,122.0,28.0,,1587.5,680.25,4479.75,0.20249999999999996,1477.5,176.5,240.0,2045.0,140.75,42.0,440.25,45.25,1980.75,52.25,28.0,,
Houston,121.75,22.0,,1503.0,698.0,4548.5,0.17675000000000002,1405.0,167.25,245.5,1917.0,128.5,68.0,334.75,49.75,1845.875,58.25,22.0,,
Howard,114.5,8.0,,1454.25,622.5,3852.5,0.21624999999999997,1340.75,156.5,308.5,1620.25,117.75,44.75,334.0,57.0,1812.25,26.25,6.0,,
Idaho St,118.25,27.0,,1468.25,627.0,4322.0,0.19424999999999998,1380.25,144.75,166.25,1875.5,167.0,43.0,391.75,41.75,1798.875,27.75,27.0,,
Idaho,116.25,21.0,,1488.0,518.0,4117.5,0.23624999999999996,1382.25,126.5,215.25,1767.25,148.75,51.5,457.5,46.25,1839.25,54.25,21.0,,
Illinois St,124.0,11.0,,1713.5,652.75,4700.25,0.22649999999999995,1601.25,152.5,232.0,2193.0,117.0,44.75,413.5,48.0,2117.5,37.75,11.0,,
Illinois,122.25,21.0,,1653.75,579.5,4122.5,0.26,1549.25,162.0,241.25,1661.25,123.5,45.5,552.25,55.0,2118.375,15.5,21.0,,
Incarnate Word,95.0,,,1105.5,490.5,3253.5,0.188,1042.0,115.0,223.5,1397.0,135.0,44.5,272.5,25.5,1401.25,53.0,,,
Indiana St,111.75,15.0,,1335.0,591.0,4119.0,0.18024999999999997,1247.0,109.25,159.5,1850.0,140.75,41.0,350.0,46.75,1660.25,43.75,15.0,,
Indiana,118.0,25.0,,1482.25,640.5,3947.75,0.215,1375.25,145.25,260.25,1507.75,140.75,81.25,332.75,43.5,1812.125,33.5,25.0,,
Iona,112.25,20.0,,1334.75,666.5,3972.5,0.1675,1259.5,176.25,284.75,1626.0,165.0,50.0,292.25,38.5,1679.875,47.5,20.0,,
Iowa St,110.5,6.0,,1525.75,545.0,4031.75,0.24275,1421.0,129.25,242.75,1807.25,114.5,45.75,445.75,60.75,1908.625,40.25,6.0,,
Iowa,115.25,27.0,,1491.75,586.75,3899.5,0.23249999999999998,1397.25,119.75,214.5,1638.5,136.25,42.75,355.25,33.0,1788.625,17.5,27.0,,
IUPUI,114.25,13.0,,1348.5,609.0,4274.0,0.17275000000000001,1257.75,128.0,211.25,1878.0,147.0,55.5,392.75,41.0,1693.375,38.5,13.0,,
Jackson St,122.5,30.0,,1314.5,776.5,4068.25,0.13,1208.25,137.25,189.0,1590.0,193.5,75.5,263.0,42.75,1608.25,59.0,30.0,,
Jacksonville St,127.25,17.0,,1605.75,684.5,4334.5,0.2135,1496.75,124.25,158.25,1789.0,163.25,74.25,413.25,75.25,1980.375,34.25,17.0,,
Jacksonville,107.75,23.0,,1299.25,601.75,3810.25,0.182,1209.25,128.75,227.75,1598.0,152.75,55.25,278.0,41.25,1622.25,40.5,23.0,,
James Madison,108.75,20.0,,1414.0,513.5,3842.5,0.23449999999999996,1301.75,134.25,218.0,1701.5,104.0,46.5,504.25,50.25,1812.375,47.0,20.0,,
Kansas City,106.0,26.0,,1426.0,527.5,3700.0,0.24349999999999994,1332.0,142.0,213.5,1536.0,129.5,43.5,354.5,60.5,1788.75,26.5,26.0,,
Kansas St,111.5,6.0,,1444.75,539.5,3982.0,0.22749999999999998,1355.75,131.25,232.25,1655.75,120.5,32.25,423.0,53.0,1788.25,30.75,6.0,,
Kansas,109.5,5.0,,1408.0,560.25,3769.0,0.22199999999999998,1317.75,106.5,207.5,1590.0,110.25,38.25,458.75,43.75,1769.125,19.0,5.0,,
Kennesaw St,108.75,25.0,,1487.75,594.75,3819.75,0.23374999999999999,1392.75,164.0,254.25,1635.5,110.5,52.5,356.25,47.25,1882.375,29.25,25.0,,
Kent St,111.0,21.0,,1390.75,600.0,4181.75,0.18724999999999994,1318.25,121.5,204.5,1948.25,128.25,61.75,268.0,35.0,1708.0,49.75,21.0,,
Kentucky,112.0,7.0,,1628.25,504.5,3900.0,0.28775,1496.25,144.0,248.75,1604.0,93.75,46.0,454.25,61.0,2045.375,19.0,7.0,,
La Salle,110.75,7.0,,1434.0,607.5,4019.25,0.20500000000000002,1348.5,162.25,287.5,1722.75,133.0,39.25,250.75,36.5,1704.375,33.5,7.0,,
Lafayette,104.0,19.0,,1097.25,584.5,3526.25,0.14175000000000001,1016.0,145.0,214.0,1401.0,188.25,33.75,231.0,31.0,1382.25,20.5,18.0,,
Lamar University,98.25,25.0,,1157.5,595.5,3321.5,0.16899999999999998,1088.25,118.75,206.75,1290.0,142.0,32.25,249.25,30.25,1420.125,43.5,25.0,,
La,113.5,30.0,,1245.0,618.25,3941.0,0.15925,1146.5,137.5,170.25,1670.5,186.0,49.75,323.0,49.0,1564.75,51.25,30.0,,
Lehigh,110.5,10.0,,1382.75,594.25,3879.25,0.20325,1296.0,137.75,231.25,1600.0,146.5,82.25,330.0,43.75,1759.75,32.75,10.0,,
Liberty,116.5,29.0,,1478.0,629.25,4028.25,0.21049999999999996,1381.0,138.0,247.5,1717.25,144.75,54.25,450.0,48.5,1895.25,40.25,29.0,,
Lipscomb,106.5,25.0,,1508.75,631.0,3804.25,0.23099999999999998,1412.5,149.25,250.5,1520.0,91.0,52.5,271.25,71.25,1836.625,29.5,25.0,,
Little Rock,111.25,24.0,,1319.25,549.25,3908.0,0.19349999999999995,1221.5,130.25,192.75,1640.25,148.5,66.0,409.75,70.5,1720.375,48.25,24.0,,
LIU Brooklyn,103.5,,,1306.5,585.0,3870.0,0.186,1231.0,130.0,156.5,1775.0,130.0,55.5,340.5,53.0,1662.25,42.5,,,
LIU,109.5,11.0,,1290.0,592.0,3838.0,0.182,1208.0,147.5,193.0,1654.5,143.5,51.0,301.0,63.5,1602.0,48.0,11.0,,
LMU,109.33333333333333,16.0,,1477.0,617.0,3690.6666666666665,0.2333333333333333,1396.6666666666667,170.33333333333334,259.0,1465.3333333333333,120.33333333333333,34.666666666666664,343.3333333333333,51.333333333333336,1853.6666666666667,13.0,16.0,,
Long Beach St,112.25,13.0,,1444.0,554.25,3856.5,0.23024999999999998,1333.75,129.75,219.5,1602.25,133.0,55.5,398.5,65.5,1828.5,43.0,13.0,,
Louisiana Tech,106.25,23.0,,1263.5,570.0,3805.75,0.182,1167.25,127.25,174.0,1634.25,148.0,54.5,287.0,39.75,1530.0,33.0,23.0,,
Louisiana,116.0,9.0,,1430.0,572.75,4248.5,0.20174999999999998,1331.5,123.5,199.75,1915.0,126.25,85.0,302.25,55.5,1789.625,48.0,9.0,,
Louisville,115.75,21.0,,1522.25,638.0,3982.0,0.22174999999999995,1421.0,150.0,258.75,1624.25,119.75,55.0,428.75,56.25,1901.875,22.25,21.0,,
Loyola Chicago,115.25,14.0,,1424.0,636.0,4026.5,0.19374999999999992,1346.0,147.5,226.75,1694.25,163.0,61.5,369.5,62.5,1760.5,26.5,14.0,,
Loyola Maryland,110.25,9.0,,1381.75,657.25,4039.75,0.17725,1293.5,120.0,221.25,1756.0,157.0,43.5,327.0,41.75,1665.5,47.5,9.0,,
Loyola Marymount,112.0,,,1612.0,620.0,3753.0,0.264,1539.0,195.0,372.0,1460.0,110.0,35.0,269.0,59.0,1976.5,18.0,,,
LSU,108.75,7.0,,1377.25,571.25,3797.25,0.21225,1271.75,112.75,220.0,1611.75,125.0,65.5,365.0,56.5,1708.75,32.75,7.0,,
Manhattan,112.5,9.0,,1150.75,575.0,3661.75,0.15600000000000003,1064.5,159.0,237.25,1542.5,227.5,45.0,274.75,58.5,1492.125,54.75,9.0,,
Marist,113.75,18.0,,1384.75,634.5,3920.0,0.191,1314.25,159.0,218.25,1659.0,186.5,42.0,336.75,44.5,1720.125,60.25,18.0,,
Marquette,118.5,7.0,,1694.0,551.5,4214.25,0.27125,1593.0,179.5,238.25,1854.0,105.75,38.75,380.0,61.25,2102.25,30.75,7.0,,
Marshall,107.0,5.0,,1387.5,568.25,3810.0,0.21524999999999997,1279.0,129.25,186.25,1631.0,117.75,58.0,319.0,50.25,1689.75,31.75,5.0,,
Maryland,117.0,8.0,,1416.0,608.0,3889.75,0.20775,1318.0,161.0,257.25,1501.25,148.75,53.5,443.25,50.25,1818.625,41.5,8.0,,
McNeese,117.25,22.0,,1391.25,587.25,4166.25,0.19325,1306.5,141.25,265.0,1797.75,164.75,47.5,359.25,41.25,1742.25,47.75,22.0,,
Memphis,114.75,21.0,,1401.5,654.25,4111.25,0.18199999999999994,1309.25,144.0,238.0,1753.25,141.0,39.5,371.75,70.0,1770.875,42.25,21.0,,
Mercer,114.0,23.0,,1406.0,587.0,3918.5,0.20875,1310.5,156.25,275.25,1641.25,166.5,59.0,306.25,68.0,1760.125,57.25,23.0,,
Miami,107.25,19.0,,1372.5,567.5,3580.25,0.22474999999999998,1296.0,162.0,244.25,1360.75,137.0,35.0,346.75,20.5,1742.875,35.0,19.0,,
Michigan St,115.25,15.0,,1508.0,603.0,3834.75,0.23525,1396.75,181.75,258.0,1499.75,133.25,60.5,456.5,61.25,1978.5,18.25,15.0,,
Michigan,122.25,23.0,,1690.75,619.5,4260.0,0.25175,1575.75,159.5,239.0,1729.25,128.0,61.25,403.0,53.0,2067.0,25.5,23.0,,
Middle Tenn,106.5,14.0,,1222.25,633.0,3508.75,0.16724999999999998,1139.5,144.0,275.5,1356.0,163.5,33.5,257.0,58.5,1528.25,52.0,14.0,,
Milwaukee,113.25,6.0,,1513.0,649.75,4239.0,0.20325,1424.25,129.5,166.5,1818.5,133.5,44.25,340.0,40.5,1825.0,18.25,6.0,,
Minnesota,117.25,7.0,,1684.0,490.75,4207.25,0.28375,1568.25,140.25,135.25,1878.0,113.0,45.75,525.75,56.75,2132.875,13.75,7.0,,
Mississippi St,116.25,19.0,,1376.5,662.0,3913.75,0.1815,1286.25,135.0,216.0,1531.0,164.0,76.75,308.0,39.25,1711.5,13.75,19.0,,
Mississippi Val,107.75,24.0,,925.25,716.75,3544.75,0.056999999999999926,853.0,125.0,175.25,1505.5,201.0,33.0,146.5,44.75,1144.25,54.25,24.0,,
Missouri St,125.75,9.0,,1686.75,676.75,4696.0,0.21349999999999997,1594.25,136.75,206.75,2097.25,124.5,44.25,398.5,44.25,2047.0,35.25,9.0,,
Missouri,120.75,4.0,,1657.0,576.0,4008.0,0.271,1523.5,163.75,235.25,1631.5,140.25,90.75,430.0,43.5,2126.5,37.25,4.0,,
Montana St,103.5,19.0,,1248.5,582.0,3741.75,0.1765,1168.75,126.25,180.5,1526.25,115.0,30.0,365.5,58.75,1587.5,36.0,19.0,,
Montana,105.75,23.0,,1230.75,643.75,3684.0,0.15724999999999992,1157.75,116.25,175.75,1547.75,159.25,40.25,313.75,52.25,1534.625,33.5,23.0,,
Morehead St,114.5,8.0,,1501.75,668.0,4084.75,0.20425000000000001,1413.0,158.5,230.25,1739.75,126.0,49.25,399.0,43.0,1909.0,56.25,8.0,,
Morgan St,101.75,3.0,,1149.0,567.5,3388.0,0.16749999999999998,1064.25,148.5,259.5,1405.0,154.5,36.25,212.75,41.25,1440.125,46.5,3.0,,
Murray St,117.0,23.0,,1596.25,684.5,4452.5,0.20474999999999996,1498.75,159.75,201.0,1978.75,122.75,42.5,228.75,25.25,1888.375,45.25,23.0,,
Navy,112.0,12.0,,1466.75,580.5,4055.0,0.2185,1372.25,171.5,214.75,1771.5,127.25,74.75,298.5,44.5,1834.75,30.5,12.0,,
NC State,120.25,21.0,,1597.75,669.25,4282.75,0.21599999999999997,1507.5,120.5,226.75,1820.0,119.75,51.25,411.5,43.0,1975.25,38.5,21.0,,
Nebraska,123.5,10.0,,1719.5,564.25,4203.25,0.27525,1591.75,166.5,243.5,1897.75,99.75,56.0,524.0,73.0,2176.25,16.5,10.0,,
Nevada,112.0,24.0,,1403.25,632.75,3946.75,0.19649999999999998,1320.75,148.5,215.0,1620.25,138.0,37.5,380.0,56.5,1779.25,19.0,24.0,,
New Hampshire,106.25,17.0,,1337.5,556.5,3856.25,0.20224999999999999,1249.25,161.25,205.5,1656.75,145.25,41.5,301.25,35.0,1639.625,29.5,17.0,,
New Mexico St,113.0,31.0,,1546.0,617.75,3993.75,0.23374999999999999,1441.0,155.75,228.25,1713.0,124.5,48.75,439.0,56.25,1930.0,40.25,31.0,,
New Mexico,118.5,27.0,,1424.75,641.75,4019.5,0.19475,1321.5,124.75,209.0,1597.25,144.0,50.75,418.75,51.5,1762.125,40.75,27.0,,
New Orleans,113.0,25.0,,1345.75,627.75,3892.0,0.18449999999999997,1245.75,162.25,222.75,1586.5,155.25,54.25,348.5,45.5,1722.25,59.75,25.0,,
Niagara,108.75,19.0,,1249.75,535.75,3891.0,0.18374999999999997,1172.0,143.5,174.75,1686.0,153.75,40.25,304.5,45.5,1585.75,32.25,19.0,,
Nicholls St,106.25,24.0,,1178.25,566.0,3747.5,0.16149999999999995,1095.5,136.25,240.25,1607.5,177.5,58.25,198.0,37.25,1471.75,53.5,24.0,,
NJIT,114.0,21.0,,1215.25,704.0,3889.75,0.1315,1128.5,143.5,235.5,1541.75,184.75,29.25,289.25,54.75,1506.875,56.5,21.0,,
Norfolk St,86.75,,,828.25,510.75,2641.0,0.12199999999999997,761.5,123.0,215.25,1021.25,174.5,33.0,187.5,38.25,1078.0,48.0,,,
North Carolina,108.5,10.0,,1367.25,559.25,3708.25,0.2145,1271.75,119.25,201.75,1488.0,115.0,36.0,522.0,56.25,1783.5,28.5,10.0,,
North Dakota St,110.25,26.0,,1345.5,618.25,4090.0,0.177,1251.5,137.5,145.5,1887.0,140.75,67.5,295.5,63.0,1675.0,30.0,26.0,,
North Dakota,124.0,11.0,,1553.25,584.0,4532.75,0.21199999999999997,1450.5,133.0,176.75,2102.75,143.5,69.0,436.75,49.5,1945.375,31.75,11.0,,
North Florida,120.5,33.0,,1508.5,648.75,4270.5,0.20099999999999996,1420.75,145.0,244.0,1764.25,158.75,51.0,386.5,47.25,1873.5,57.25,33.0,,
North Texas,121.0,18.0,,1630.0,607.75,4318.75,0.2365,1503.5,144.0,191.5,1792.75,141.5,54.75,391.25,49.25,1989.0,24.25,18.0,,
Northeastern,112.25,6.0,,1454.75,650.5,4107.5,0.19624999999999998,1356.75,153.75,201.0,1798.75,137.75,43.5,327.0,40.25,1815.5,31.75,6.0,,
Northern Ariz,119.5,9.0,,1537.0,471.0,4396.25,0.24175,1454.75,196.5,260.0,2045.75,135.0,55.5,428.75,54.75,1975.375,27.0,9.0,,
Northern Colo,114.5,23.0,,1545.25,635.0,4217.0,0.2152499999999999,1445.25,159.25,241.0,1816.25,119.5,58.0,242.75,47.25,1828.625,32.0,23.0,,
Northern Ill,114.5,25.0,,1358.5,604.0,3928.25,0.19374999999999998,1257.5,132.0,174.0,1630.5,163.5,49.0,355.75,62.25,1653.875,22.25,25.0,,
Northern Ky,113.0,1.0,,1513.5,619.0,4401.5,0.20299999999999999,1426.0,154.5,187.0,2014.5,115.5,32.25,396.5,41.75,1898.5,18.75,1.0,,
Northwestern St,115.25,24.0,,1415.0,635.0,4177.5,0.18724999999999997,1317.75,164.75,275.75,1841.0,128.0,40.0,332.0,39.75,1785.75,47.0,24.0,,
Northwestern,112.75,24.0,,1411.25,605.25,3758.5,0.21474999999999997,1316.5,141.75,250.75,1461.75,159.0,59.25,347.5,49.5,1737.0,32.5,24.0,,
Notre Dame,114.25,23.0,,1439.25,561.75,4352.75,0.20199999999999996,1347.5,170.5,241.5,1882.75,94.0,36.25,503.5,59.5,1842.5,26.75,23.0,,
N,96.125,9.0,,1039.375,563.875,3158.0,0.146125,954.5,133.375,192.375,1305.875,158.75,47.5,265.375,42.75,1352.9375,36.25,9.0,,
Oakland,112.5,7.0,,1414.75,627.5,3976.25,0.19849999999999995,1334.75,137.25,198.75,1768.5,143.75,44.0,453.0,51.0,1802.125,33.0,7.0,,
Ohio St,119.75,7.0,,1604.75,671.75,4191.0,0.22275,1496.25,145.5,271.0,1723.5,145.25,56.5,346.5,61.5,1958.0,22.5,7.0,,
Ohio,117.5,24.0,,1506.25,637.0,4298.75,0.20299999999999993,1415.5,163.0,274.5,1820.5,134.75,69.0,350.75,42.25,1899.375,18.25,24.0,,
Oklahoma,108.0,6.0,,1408.25,600.0,3845.25,0.21050000000000002,1318.5,105.0,184.25,1617.0,108.75,39.75,400.0,45.5,1753.0,17.5,6.0,,
Ole Miss,126.0,7.0,,1621.25,670.5,4438.25,0.214,1505.0,129.5,201.25,1954.25,131.5,88.0,349.75,32.25,2013.625,22.0,7.0,,
Omaha,115.25,25.0,,1480.5,646.75,4190.0,0.19875,1381.0,164.75,304.25,1758.75,144.75,44.0,351.25,53.75,1807.5,31.75,25.0,,
Oral Roberts,114.75,28.0,,1443.5,621.5,4053.0,0.20475,1357.0,150.75,223.5,1734.5,147.5,31.5,341.5,55.25,1744.0,33.0,28.0,,
Oregon St,120.0,28.0,,1529.25,655.25,4435.25,0.19724999999999998,1424.5,130.0,205.0,1840.25,125.5,61.0,427.0,53.75,1904.625,28.25,28.0,,
Oregon,117.25,23.0,,1634.0,569.25,4179.75,0.2545,1531.5,148.75,232.0,1774.75,124.25,49.0,453.25,57.75,2031.375,35.5,23.0,,
Pacific,115.5,21.0,,1523.0,685.5,4104.0,0.205,1432.0,158.75,266.75,1698.0,128.0,33.5,349.75,43.25,1890.125,39.25,21.0,,
Penn St,119.75,7.0,,1659.25,501.0,3931.5,0.29524999999999996,1552.25,158.75,236.75,1628.75,90.5,79.25,493.25,45.0,2143.875,14.25,7.0,,
Penn,90.75,15.0,,1093.0,467.25,3141.0,0.19974999999999998,1004.75,110.75,179.0,1320.5,139.75,28.5,251.0,42.75,1357.75,26.5,15.0,,
Pepperdine,115.25,7.0,,1516.5,573.25,4154.25,0.22799999999999998,1414.75,163.75,249.5,1756.25,132.25,42.25,453.75,39.25,1930.125,25.5,7.0,,
Pittsburgh,117.25,7.0,,1691.75,614.0,3951.0,0.27349999999999997,1586.5,172.25,225.75,1607.5,107.75,41.5,482.0,53.25,2146.5,42.25,7.0,,
Portland St,108.75,22.0,,1348.5,565.75,4004.5,0.19525000000000003,1267.0,137.5,168.0,1739.25,167.75,47.0,343.75,44.5,1704.875,33.25,22.0,,
Portland,115.5,10.0,,1437.25,592.25,4088.75,0.20575,1358.75,183.25,258.75,1715.0,141.75,37.5,355.0,42.5,1835.5,20.25,10.0,,
Prairie View,111.0,33.0,,1257.0,700.75,3848.0,0.14,1160.5,128.0,156.25,1551.25,167.0,38.5,237.0,39.0,1502.5,40.75,33.0,,
Presbyterian,112.25,17.0,,1299.0,624.25,4013.75,0.16825,1198.0,165.25,198.5,1679.25,164.5,52.25,252.0,44.75,1642.5,67.0,17.0,,
Princeton,89.25,5.0,,1270.25,439.25,3215.5,0.2585,1192.5,110.0,141.5,1410.5,90.0,35.5,250.0,30.0,1540.75,24.25,5.0,,
Providence,114.5,5.0,,1357.25,643.25,3960.75,0.18050000000000002,1268.5,149.5,227.5,1657.75,177.75,36.5,334.5,50.75,1692.25,34.5,5.0,,
Purdue Fort Wayne,121.5,18.0,,1600.5,660.25,4514.25,0.20850000000000002,1504.75,129.75,248.25,1955.5,128.75,50.75,364.75,41.75,1963.375,39.75,18.0,,
Purdue,124.5,21.0,,1673.0,608.25,4079.5,0.262,1560.0,157.25,228.5,1709.25,137.75,73.25,459.5,74.25,2101.75,24.75,21.0,,
Quinnipiac,119.25,13.0,,1449.5,678.0,4163.0,0.18474999999999994,1358.0,167.5,202.75,1670.5,151.5,50.75,344.75,57.5,1840.125,44.5,13.0,,
Radford,104.0,7.0,,1346.5,549.25,3674.5,0.215,1245.75,161.75,177.75,1592.25,126.0,34.5,348.0,38.75,1691.0,28.5,7.0,,
Rhode Island,99.0,10.0,,1155.75,546.5,3399.0,0.1805,1080.25,138.0,223.25,1413.5,142.25,32.25,327.75,41.5,1449.625,35.25,10.0,,
Rice,117.5,3.0,,1632.75,568.25,4294.0,0.2485,1529.0,124.0,181.5,2002.0,118.25,76.0,399.25,51.25,2032.375,21.5,3.0,,
Rider,115.75,6.0,,1386.0,595.0,4030.25,0.19649999999999998,1299.5,170.75,209.0,1816.25,173.25,46.25,373.5,51.0,1789.75,29.5,6.0,,
Robert Morris,114.25,7.0,,1385.75,565.75,4122.75,0.19924999999999998,1278.25,178.75,221.5,1859.0,126.0,46.5,395.5,49.25,1808.75,46.0,7.0,,
Rutgers,108.5,13.0,,1141.0,616.5,3335.75,0.15649999999999997,1071.25,124.5,222.5,1196.5,213.5,33.25,425.25,59.25,1467.625,31.25,13.0,,
Sacramento St,128.75,13.0,,1679.75,673.25,4892.0,0.20475,1562.75,178.75,237.75,2128.75,162.5,61.25,438.0,52.5,2138.75,24.0,13.0,,
Sacred Heart,109.75,15.0,,1470.25,692.0,3929.25,0.19749999999999998,1354.75,162.5,223.0,1614.0,110.25,35.0,357.0,51.0,1846.25,35.25,15.0,,
Saint Francis,98.25,19.0,,1101.25,569.75,3579.25,0.14775,1029.5,113.0,193.75,1558.0,153.0,30.0,252.75,43.75,1363.125,41.75,19.0,,
Saint Louis,108.5,3.0,,1383.25,617.5,3671.5,0.20774999999999996,1293.75,167.0,275.75,1516.0,171.25,30.75,304.25,59.5,1733.125,22.0,3.0,,
Saint Mary's,106.75,21.0,,1296.0,535.75,3704.5,0.20449999999999996,1208.25,153.0,216.25,1464.0,154.5,44.0,407.25,59.5,1696.625,28.0,21.0,,
Saint Peter's,119.0,14.0,,1200.0,605.5,4206.0,0.1405,1119.0,153.5,221.0,1820.5,184.0,43.5,241.0,50.5,1471.5,31.0,13.0,,
Sam Houston St,118.25,33.0,,1550.0,663.75,4440.75,0.19874999999999993,1432.75,134.5,197.75,1956.75,121.75,43.25,388.25,39.25,1861.875,40.75,33.0,,
Samford,126.25,10.0,,1653.75,669.75,4545.75,0.21674999999999994,1550.0,167.0,266.0,1931.75,152.75,54.75,361.25,65.0,2056.125,39.0,10.0,,
San Diego St,118.75,12.0,,1554.0,711.5,3930.25,0.21524999999999997,1449.75,112.0,224.75,1558.5,148.0,39.5,435.25,70.25,1897.125,37.75,12.0,,
San Diego,108.75,11.0,,1567.75,591.0,3757.25,0.26049999999999995,1465.0,127.5,184.0,1535.5,120.25,60.0,330.75,45.75,1904.625,12.5,11.0,,
San Francisco,107.0,25.0,,1176.25,584.0,3664.5,0.16049999999999998,1096.5,127.0,213.5,1421.25,178.75,67.25,304.0,51.75,1492.5,32.0,25.0,,
San Jose St,108.0,18.0,,1391.75,656.5,3739.0,0.19675,1301.0,149.0,229.0,1508.25,143.25,36.5,362.25,42.75,1758.375,52.0,18.0,,
Santa Clara,114.5,15.0,,1447.75,602.25,4027.0,0.20924999999999996,1348.75,151.0,235.75,1733.5,158.75,36.25,441.5,57.25,1785.5,36.0,15.0,,
Savannah St,89.33333333333333,,,785.0,554.3333333333334,2665.0,0.08666666666666667,729.3333333333334,118.33333333333333,183.33333333333334,936.3333333333334,194.0,36.333333333333336,189.0,41.666666666666664,1034.1666666666667,48.666666666666664,,,
Seattle U,111.5,30.0,,1344.25,617.5,3808.25,0.19149999999999995,1265.0,154.25,261.25,1532.75,178.75,37.25,412.5,49.25,1714.375,22.0,30.0,,
Seton Hall,114.0,14.0,,1410.5,585.0,4028.0,0.20474999999999996,1311.0,116.0,170.75,1682.5,161.75,34.75,316.75,49.25,1719.625,34.5,14.0,,
SFA,116.0,26.0,,1479.5,487.5,4234.5,0.23375,1363.5,162.0,167.75,1987.0,106.5,45.0,505.75,46.25,1887.125,34.75,26.0,,
Siena,108.5,9.0,,1198.75,618.75,3693.5,0.15575,1109.0,145.0,228.75,1502.0,179.75,31.5,280.0,35.0,1515.25,52.0,9.0,,
SIUE,113.25,23.0,,1458.0,653.75,4212.5,0.19024999999999997,1361.75,137.25,197.0,1946.75,130.25,56.5,367.0,43.75,1792.5,41.5,23.0,,
SMU,113.75,22.0,,1536.25,622.25,4343.0,0.2107499999999999,1442.5,117.0,162.5,2005.0,111.75,41.25,417.25,42.0,1883.375,26.25,22.0,,
South Alabama,112.5,27.0,,1378.0,544.75,3765.5,0.22,1258.0,142.25,208.25,1583.25,130.0,66.0,340.5,27.75,1756.5,44.5,27.0,,
South Carolina St,84.33333333333333,8.0,,697.6666666666666,534.0,2423.0,0.06666666666666667,637.0,109.33333333333333,191.66666666666666,886.0,196.66666666666666,33.0,136.33333333333334,37.0,890.1666666666666,33.666666666666664,8.0,,
South Carolina,112.0,6.0,,1414.75,529.0,3656.5,0.24225,1307.75,142.75,255.5,1471.5,159.75,65.5,356.25,58.25,1801.125,31.75,6.0,,
South Dakota St,100.25,20.0,,1111.75,583.25,3491.0,0.15050000000000002,1040.75,109.25,160.5,1418.5,164.0,45.75,243.5,49.75,1388.5,33.25,20.0,,
South Dakota,112.0,30.0,,1538.25,561.0,4218.75,0.23124999999999998,1440.25,156.25,187.75,1989.75,115.25,40.25,336.75,50.25,1859.875,27.25,30.0,,
South Fla,116.75,22.0,,1468.5,571.75,4195.0,0.21224999999999997,1390.5,137.5,170.0,1876.5,148.25,51.0,382.0,56.25,1830.625,40.25,22.0,,
Southeast Mo,118.25,11.0,,1434.25,604.25,4236.0,0.19574999999999998,1329.5,159.25,186.5,1886.0,158.75,62.5,361.75,39.75,1836.875,38.5,11.0,,
Southeastern La,110.25,26.0,,1246.25,636.0,3796.25,0.15875,1159.0,119.0,214.25,1552.5,182.0,49.25,251.75,35.25,1517.375,59.75,26.0,,
Southern California,128.5,24.0,,1764.25,645.5,4568.5,0.24475,1639.25,159.0,273.25,1891.0,130.75,52.5,481.75,76.5,2216.625,28.25,24.0,,
Southern Ill,118.25,20.0,,1418.75,628.5,4279.25,0.1835,1337.75,132.0,201.75,1898.75,169.75,44.0,365.25,52.25,1777.375,34.0,20.0,,
Southern Miss,114.5,7.0,,1530.25,653.0,4054.75,0.2155,1421.5,134.25,193.75,1670.5,130.75,67.0,339.0,50.0,1882.5,27.75,7.0,,
Southern Utah,110.75,25.0,,1283.25,568.5,3947.0,0.17974999999999997,1203.75,126.25,203.25,1618.5,154.25,35.25,385.0,47.75,1609.5,41.5,25.0,,
Southern U,106.5,25.0,,1085.25,621.5,3563.75,0.12975,972.0,134.0,186.75,1431.5,170.0,64.5,300.5,40.75,1424.5,36.5,25.0,,
Stanford,122.25,11.0,,1780.0,528.5,4181.0,0.3005,1673.25,157.25,266.75,1707.75,96.75,46.0,682.75,78.25,2324.625,11.0,11.0,,
Stetson,103.0,25.0,,1155.0,498.75,3579.0,0.1825,1072.75,117.5,134.5,1597.25,158.25,59.25,306.75,56.75,1485.125,50.25,25.0,,
Stony Brook,108.0,13.0,,1364.75,545.75,3839.75,0.2124999999999999,1270.0,131.25,198.5,1640.75,159.0,44.75,271.0,34.25,1634.0,22.75,13.0,,
St,116.125,16.5,,1414.75,625.625,3950.75,0.198,1320.75,162.5,203.375,1632.125,175.0,49.375,399.25,63.125,1792.625,38.875,16.5,,
Syracuse,111.5,15.0,,1377.0,553.75,3706.5,0.22324999999999995,1300.75,119.25,229.0,1571.75,129.25,67.75,479.0,102.0,1803.5,30.0,15.0,,
TCU,107.75,5.0,,1391.75,599.75,3849.25,0.20599999999999996,1305.75,126.25,222.5,1585.5,109.5,30.5,401.0,72.5,1737.0,31.75,5.0,,
Temple,109.0,8.0,,1439.5,550.75,3969.75,0.22349999999999998,1360.0,117.75,193.75,1745.0,118.25,40.25,364.5,43.0,1741.25,37.25,8.0,,
Tennessee St,113.0,12.0,,1303.0,612.5,3876.25,0.17774999999999996,1216.25,116.0,188.0,1700.0,151.25,43.5,341.0,64.5,1600.875,43.5,12.0,,
Tennessee Tech,107.5,13.0,,1265.5,646.25,3972.25,0.15525,1178.25,117.75,193.0,1715.0,134.0,49.5,265.75,45.5,1538.625,34.0,13.0,,
Tennessee,111.5,21.0,,1512.25,559.5,3937.75,0.24175,1392.75,120.5,221.0,1651.75,112.0,42.0,431.75,46.25,1875.125,26.25,21.0,,
Texas A&M,109.75,4.0,,1486.0,604.75,3768.75,0.23175,1376.25,141.5,226.5,1549.0,114.0,46.0,416.75,56.75,1866.25,24.5,4.0,,
Texas Southern,110.25,18.0,,1260.75,628.75,3657.25,0.17374999999999996,1155.5,152.25,202.75,1485.0,162.5,50.75,323.25,36.25,1625.375,38.75,18.0,,
Texas St,122.75,20.0,,1651.75,666.0,4331.0,0.22849999999999995,1553.75,161.0,244.5,1895.75,127.25,46.75,441.0,57.5,2080.0,26.0,20.0,,
Texas Tech,115.75,4.0,,1495.0,614.0,4132.0,0.21299999999999997,1396.25,120.0,205.5,1719.75,127.25,54.75,366.5,41.0,1817.25,31.0,4.0,,
Texas,106.25,2.0,,1486.25,388.75,3498.0,0.31425,1387.5,121.0,267.5,1482.25,102.0,42.25,495.0,61.25,1897.0,14.5,2.0,,
The Citadel,120.5,9.0,,1373.75,709.5,4229.0,0.15725,1253.25,162.25,249.0,1753.5,180.5,45.0,296.5,56.5,1729.25,39.0,9.0,,
Toledo,111.5,21.0,,1325.25,590.0,4011.5,0.18299999999999994,1242.5,136.25,207.25,1803.5,157.0,67.5,307.0,46.0,1657.0,47.25,21.0,,
Towson,119.25,9.0,,1676.0,637.75,4357.5,0.23949999999999996,1574.0,163.5,222.25,1969.0,123.0,34.5,430.0,41.5,2089.0,47.0,9.0,,
Troy,120.75,29.0,,1513.75,779.25,4179.75,0.17525,1408.25,163.5,299.75,1634.5,150.0,55.5,323.5,29.25,1847.0,26.5,29.0,,
Tulane,133.0,10.0,,1751.5,698.5,4836.75,0.21724999999999997,1654.5,174.25,246.75,2120.5,152.5,48.5,483.75,61.0,2216.125,42.25,10.0,,
Tulsa,124.0,26.0,,1585.5,678.75,4819.0,0.18849999999999995,1478.0,133.75,229.75,2193.5,131.75,63.0,375.0,60.25,1953.5,45.5,26.0,,
UAB,105.5,8.0,,1321.25,571.5,3695.0,0.20299999999999999,1230.75,145.75,232.0,1499.75,149.25,53.25,320.25,59.0,1663.875,23.25,8.0,,
UC Davis,110.0,17.0,,1433.75,595.0,3893.0,0.216,1342.75,139.5,219.0,1651.5,123.0,40.75,379.75,51.0,1790.875,34.0,17.0,,
UC Irvine,111.0,24.0,,1413.0,583.5,3819.0,0.21599999999999997,1312.75,151.0,230.5,1586.25,159.75,44.5,311.5,45.75,1736.25,25.25,24.0,,
UC Riverside,104.0,25.0,,1277.75,639.0,3847.25,0.166,1195.5,99.25,178.25,1660.75,138.5,42.75,267.25,44.5,1499.375,21.25,25.0,,
UC Santa Barbara,106.75,11.0,,1426.75,557.0,3845.25,0.22625,1338.25,155.25,236.25,1667.25,105.5,53.25,351.75,30.75,1759.875,33.0,11.0,,
UCF,121.75,22.0,,1671.5,574.75,4475.0,0.24525,1578.25,126.25,180.0,2009.5,109.0,65.5,483.75,47.5,2105.125,46.25,22.0,,
UCLA,112.25,25.0,,1540.5,554.75,4190.0,0.23475,1460.0,129.0,216.5,1904.0,120.75,71.75,358.0,45.5,1901.75,23.0,25.0,,
UConn,113.75,12.0,,1490.75,686.5,4142.5,0.19374999999999998,1404.0,128.5,235.0,1700.5,123.25,49.75,279.0,55.75,1782.375,35.25,12.0,,
UIC,118.25,9.0,,1561.0,680.0,4388.5,0.20124999999999996,1466.25,145.25,190.75,1882.5,125.0,36.0,433.75,44.5,1935.625,29.0,9.0,,
UIW,114.0,23.0,,1275.0,531.0,3677.0,0.2019999999999999,1147.0,154.0,211.0,1414.0,192.0,51.0,300.0,33.0,1630.0,26.0,23.0,,
UMass Lowell,92.5,,,1035.0,622.0,3228.0,0.128,977.0,115.0,167.5,1262.5,144.5,26.0,247.0,47.0,1299.5,63.0,,,
UMBC,96.25,19.0,,1173.75,542.0,3406.75,0.18649999999999994,1097.75,130.0,199.5,1450.5,128.25,27.25,321.5,44.0,1466.0,24.75,19.0,,
UMES,113.75,9.0,,1296.5,514.75,3423.0,0.22649999999999995,1185.5,226.25,310.0,1377.5,185.5,55.75,333.0,55.5,1698.75,64.25,9.0,,
UMKC,110.0,,,1409.5,635.0,3971.0,0.1915,1318.0,122.5,196.5,1669.0,129.5,67.5,382.0,72.0,1790.5,20.0,,,
UNC Asheville,100.0,18.0,,1178.75,495.25,3437.25,0.19899999999999995,1082.25,139.75,181.75,1474.5,133.75,50.0,228.75,29.5,1473.375,36.75,18.0,,
UNC Greensboro,114.5,15.0,,1470.5,657.75,4301.75,0.18749999999999997,1375.0,127.25,234.0,1903.0,152.0,47.25,328.25,43.25,1809.125,40.75,15.0,,
UNCW,109.0,18.0,,1290.75,534.25,3964.25,0.19099999999999995,1185.75,148.5,204.25,1635.75,131.25,42.0,438.5,34.5,1685.5,28.25,18.0,,
UNI,127.0,18.0,,1874.0,707.75,5013.25,0.23224999999999998,1742.0,141.0,198.75,2345.0,110.25,82.25,329.75,44.0,2262.125,30.0,18.0,,
UNLV,124.0,11.0,,1566.5,643.5,4289.5,0.2145,1444.25,188.25,302.25,1727.5,148.0,54.0,422.25,57.0,2019.875,33.5,11.0,,
USC Upstate,116.75,18.0,,1343.25,621.0,4258.75,0.17025,1234.5,139.25,187.0,1820.5,174.25,52.5,338.75,44.5,1679.875,22.25,18.0,,
UT Arlington,119.0,31.0,,1481.5,627.25,4192.25,0.20325,1368.25,122.5,195.5,1839.0,136.75,43.0,374.75,36.5,1804.125,56.0,31.0,,
UT Martin,115.25,25.0,,1404.25,702.5,4126.5,0.17,1302.5,135.5,193.0,1696.0,161.75,47.5,370.75,84.0,1719.125,25.25,25.0,,
Utah St,110.0,22.0,,1235.25,566.25,3648.0,0.1815,1169.25,128.0,173.75,1464.25,166.0,32.0,449.0,44.25,1596.0,31.5,21.0,,
Utah Valley,122.5,29.0,,1505.75,628.25,4284.75,0.20474999999999993,1398.0,128.0,183.75,1762.75,180.25,37.0,612.75,51.5,1943.625,36.75,29.0,,
Utah,131.0,19.0,,1843.5,688.0,4617.25,0.25025,1733.5,154.25,216.5,1928.75,123.0,53.0,520.25,68.0,2295.875,25.25,19.0,,
UTEP,105.75,6.0,,1208.5,600.25,3631.5,0.16825,1122.0,118.75,184.5,1454.0,143.5,44.5,323.25,48.0,1533.375,32.75,6.0,,
UTRGV,120.0,25.0,,1513.0,597.25,4240.5,0.21549999999999997,1420.0,157.75,217.75,1857.25,146.0,40.0,443.5,43.0,1900.125,59.25,25.0,,
UTSA,110.25,12.0,,1454.5,575.75,3967.5,0.22224999999999998,1374.75,174.25,263.5,1656.5,128.75,41.5,304.5,46.25,1787.75,25.75,12.0,,
Valparaiso,130.25,28.0,,1631.75,695.5,5153.75,0.18074999999999997,1522.0,141.5,182.5,2358.5,128.25,64.5,431.25,66.75,2021.375,33.25,28.0,,
VCU,114.0,18.0,,1416.75,562.5,3783.25,0.2265,1326.75,164.0,221.0,1523.5,127.5,53.0,575.5,54.25,1882.75,40.25,18.0,,
Villanova,111.25,6.0,,1470.5,510.75,4006.5,0.24075,1363.75,158.75,270.5,1753.5,145.5,46.75,308.0,36.0,1830.0,17.0,6.0,,
Virginia Tech,114.75,26.0,,1392.25,639.75,3913.75,0.19325000000000003,1300.5,122.5,213.75,1620.25,149.75,39.75,332.5,51.0,1679.5,33.0,26.0,,
Virginia,111.75,27.0,,1361.75,624.0,3795.75,0.19449999999999995,1281.5,130.25,223.0,1491.0,156.75,52.25,388.0,60.75,1695.125,37.75,27.0,,
Wake Forest,115.0,11.0,,1395.0,672.5,3841.0,0.18874999999999997,1291.0,130.0,262.0,1487.0,159.75,69.5,352.5,73.75,1770.75,46.5,11.0,,
Washington St,126.75,28.0,,1617.25,654.5,4368.5,0.22024999999999997,1485.5,151.0,239.5,1823.75,122.0,68.0,584.75,64.75,2093.875,19.75,28.0,,
Washington,123.75,14.0,,1694.25,592.25,4336.75,0.254,1572.0,188.5,236.5,1780.5,122.75,55.5,563.75,81.25,2193.5,25.5,14.0,,
Weber St,112.5,12.0,,1417.75,536.75,3989.25,0.21974999999999997,1335.0,154.75,184.25,1763.25,129.5,55.0,488.0,61.25,1871.5,37.25,12.0,,
West Virginia,115.25,4.0,,1447.75,663.0,3985.0,0.1965,1352.5,119.75,241.5,1563.75,136.25,37.25,444.5,72.5,1809.75,29.5,4.0,,
Western Caro,110.0,25.0,,1323.25,563.0,4133.75,0.1835,1211.5,125.5,167.25,1844.0,140.75,53.5,315.0,52.25,1621.0,24.25,25.0,,
Western Ill,109.75,17.0,,1148.75,596.5,3766.75,0.14774999999999994,1069.0,129.25,217.5,1597.0,169.25,45.25,338.75,43.75,1464.375,42.25,17.0,,
Western Ky,118.0,9.0,,1625.75,503.5,3809.75,0.29475,1522.0,182.75,274.75,1641.75,129.25,88.0,340.25,48.75,2020.125,28.25,9.0,,
Western Mich,117.0,9.0,,1524.75,618.75,4240.25,0.21374999999999997,1407.75,126.0,234.25,1845.25,141.0,81.0,291.75,30.75,1877.625,33.75,9.0,,
Wichita St,113.5,15.0,,1529.25,536.0,4088.25,0.24324999999999997,1440.5,112.0,182.0,1852.0,97.0,41.25,388.75,51.5,1876.875,23.25,15.0,,
William & Mary,102.25,17.0,,1176.75,577.5,3470.25,0.17124999999999999,1100.0,113.5,156.5,1469.25,165.75,40.75,291.25,33.0,1476.625,36.75,17.0,,
Winthrop,115.5,7.0,,1475.25,645.0,4196.0,0.19799999999999995,1367.5,163.5,204.5,1855.5,164.5,55.25,326.5,43.0,1857.25,32.5,7.0,,
Wisconsin,117.0,22.0,,1662.75,515.25,4024.5,0.28575,1581.5,149.0,244.25,1741.25,93.25,34.5,536.0,39.0,2114.25,20.25,22.0,,
Wofford,118.75,18.0,,1503.5,703.5,4147.5,0.193,1400.25,169.25,276.5,1727.75,171.5,53.5,333.0,73.75,1892.75,34.5,18.0,,
Wright St,109.25,8.0,,1371.5,614.25,4168.5,0.181,1282.0,136.0,193.0,1919.0,127.75,38.75,414.5,53.0,1699.25,24.0,8.0,,
Wyoming,115.75,12.0,,1455.0,555.75,3896.0,0.22974999999999998,1337.25,121.5,206.25,1589.5,134.75,55.25,497.75,49.5,1853.5,27.5,12.0,,
Xavier,113.5,7.0,,1446.0,608.25,4070.25,0.2045,1353.0,113.25,176.0,1711.0,148.5,57.75,397.25,57.0,1769.375,28.75,7.0,,
Yale,84.25,9.0,,1116.5,431.0,3026.0,0.22674999999999998,1035.25,119.75,155.75,1314.25,77.5,47.5,261.25,37.5,1414.375,16.75,9.0,,
Youngstown St,105.25,5.0,,1216.0,617.75,3879.75,0.15425,1137.75,139.75,198.5,1623.75,147.0,43.25,313.75,65.0,1542.375,44.25,5.0,,
